<?xml version="1.0" encoding="UTF-8"?>
<project-private xmlns="http://www.netbeans.org/ns/project-private/1">
    <editor-bookmarks xmlns="http://www.netbeans.org/ns/editor-bookmarks/2" lastBookmarkId="0"/>
    <open-files xmlns="http://www.netbeans.org/ns/projectui-open-files/2">
        <group>
            <file>file:/C:/Users/sandh/OneDrive%20-%20Sheridan%20College/Sheridan/fundamental/SYST17796_ProjectStarterCode/src/ca/sheridancollege/project/Card.java</file>
            <file>file:/C:/Users/sandh/OneDrive%20-%20Sheridan%20College/Sheridan/fundamental/SYST17796_ProjectStarterCode/src/ca/sheridancollege/project/Game.java</file>
            <file>file:/C:/Users/sandh/OneDrive%20-%20Sheridan%20College/Sheridan/fundamental/SYST17796_ProjectStarterCode/src/ca/sheridancollege/project/GroupOfCards.java</file>
            <file>file:/C:/Users/sandh/OneDrive%20-%20Sheridan%20College/Sheridan/fundamental/SYST17796_ProjectStarterCode/src/ca/sheridancollege/project/Player.java</file>
            <file>file:/C:/Users/sandh/OneDrive%20-%20Sheridan%20College/Sheridan/fundamental/SYST17796_ProjectStarterCode/src/ca/sheridancollege/project/WarCard.java</file>
            <file>file:/C:/Users/sandh/OneDrive%20-%20Sheridan%20College/Sheridan/fundamental/SYST17796_ProjectStarterCode/src/ca/sheridancollege/project/WarPlayer.java</file>
            <file>file:/C:/Users/sandh/OneDrive%20-%20Sheridan%20College/Sheridan/fundamental/SYST17796_ProjectStarterCode/src/ca/sheridancollege/project/WarGame.java</file>
            <file>file:/C:/Users/sandh/OneDrive%20-%20Sheridan%20College/Sheridan/fundamental/SYST17796_ProjectStarterCode/src/ca/sheridancollege/project/Main.java</file>
        </group>
    </open-files>
</project-private>
